id,isbn,titulo,origen,categoria,precio_lista,clase_manual,politica_manual,compra_en
CN-0001,9788497150033,1 - 2 CORINTIOS (NT. 7),España,Patrística — Padres de la Iglesia,70900,,,
CN-0005,9789505863242,A LOS JOVENES EXHORTACION A UN HIJO... (BP. 83),Argentina,Patrística — Padres de la Iglesia,20800,,,
CN-0012,9788497155090,APOLOGETICO (FP. 35),España,Patrística — Padres de la Iglesia,51000,,,España o Argentina
CN-0017,9788497155182,CARTAS Y TESTAMENTO (TP. 14),España,Patrística — Padres de la Iglesia,64000,,,
CN-0019,9788497156073,CARTAS/2 (BP. 132),España,Patrística — Padres de la Iglesia,74300,,,
CN-0020,9788486987350,CATECUMENADO DE ADULTOS  (BP. 16),España,Patrística — Padres de la Iglesia,26000,,,
CN-0028,9788497151337,COMENTARIO AL APOCALIPSIS Y OTROS ESCRITOS (FP. 20),España,Patrística — Padres de la Iglesia,51900,,,
CN-0029,9788486987558,COMENTARIO AL CANTAR DE LOS CANTARES (BP. 1),España,Patrística — Padres de la Iglesia,45000,,,
CN-0030,9788489651807,COMENTARIO AL CANTAR DE LOS CANTARES (FP. 13),España,Patrística — Padres de la Iglesia,46700,,,España o Argentina
CN-0032,9788497154598,COMENTARIO AL EVANGELIO DE JUAN 1 (BP. 115),España,Patrística — Padres de la Iglesia,58800,,,
CN-0034,9788489651593,COMENTARIO AL EVANGELIO DE MATEO (BP. 45),España,Patrística — Padres de la Iglesia,48400,,,
CN-0035,9788497150217,COMENTARIO AL EVANGELIO DE MATEO (BP. 58),España,Patrística — Padres de la Iglesia,55300,,,
CN-0036,9788486987855,COMENTARIO AL EVANGELIO DE SAN MARCOS (BP. 5),España,Patrística — Padres de la Iglesia,22500,,,España o Argentina
CN-0039,9788497150941,COMENTARIOS A LOS SALMOS/1 (BP. 68),España,Patrística — Padres de la Iglesia,62200,,,España o Argentina
CN-0040,9788497150958,COMENTARIOS A LOS SALMOS/2 (BP. 69),España,Patrística — Padres de la Iglesia,65700,,,
CN-0045,9788486987435,CONTRA LOS PAGANOS (BP. 19),España,Patrística — Padres de la Iglesia,26000,,,España o Argentina
CN-0052,9788497156110,CUESTIONES (BP. 133),España,Patrística — Padres de la Iglesia,76100,,,
CN-0059,9788497153324,DISCURSOS I-XV (FP. 28),España,Patrística — Padres de la Iglesia,89900,,,
CN-0063,9788486987879,DORMICION DE LA VIRGEN (AC. 2),España,Patrística — Padres de la Iglesia,32900,,,España o Argentina
CN-0068,9788497154871,EL CATECUMENADO EN SAN AGUSTIN (EP. 2),España,Patrística — Padres de la Iglesia,39800,,,
CN-0074,9788489651944,EL MAS ALLA EN LOS PADRES DE LA IGLESIA (TP. 6),España,Patrística — Padres de la Iglesia,26000,,,
CN-0079,9788486987695,EL PEDAGOGO (FP. 5),España,Patrística — Padres de la Iglesia,96800,,,
CN-0086,9789505863297,ESCRITOS SOBRE LA VIRGINIDAD (BP. 85),Argentina,Patrística — Padres de la Iglesia,46700,,,
CN-0092,9788489651791,EVANGELIO SEGUN SAN MARCOS (NT. 2),España,Patrística — Padres de la Iglesia,89900,,,
CN-0094,9788497150781,EVANGELIO SEGUN SAN MATEO 14-28 (NT. 1b),España,Patrística — Padres de la Iglesia,95000,,,
CN-0096,9788497154895,EXPLICACIÓN A DOCE SALMOS (BP. 118),España,Patrística — Padres de la Iglesia,77800,,,España o Argentina
CN-0103,9788489651166,FUGA Y AUTOBIOGRAFIA (BP. 35),España,Patrística — Padres de la Iglesia,38000,,,
CN-0111,9788497152631,HIMNOS/1 (BP. 91),España,Patrística — Padres de la Iglesia,36300,,,España o Argentina
CN-0113,9788497155779,HISTORIA DE LA LITERATURA CRISTIANA EN LA ANTIGÜEDAD (EP. 6),España,Patrística — Padres de la Iglesia,83000,,,
CN-0117,9788497156332,HISTORIA ECLESIASTICA LIBROS X y XI (BP. 136),España,Patrística — Padres de la Iglesia,51800,,,España o Argentina
CN-0118,9789505863129,HOMILIAS A LOS HECHOS DE LOS APOSTOLES/1 (BP. 80),Argentina,Patrística — Padres de la Iglesia,76000,,,
CN-0119,9789505863211,HOMILIAS A LOS HECHOS DE LOS APOSTOLES/2 (BP. 81),Argentina,Patrística — Padres de la Iglesia,67400,,,
CN-0120,9788489651050,HOMILIAS CRISTOLOGICAS Y MARIANAS (BP. 33),España,Patrística — Padres de la Iglesia,34600,,,España o Argentina
CN-0121,9788489651548,HOMILIAS ESCOGIDAS (BP. 44),España,Patrística — Padres de la Iglesia,36300,,,
CN-0128,9788497150057,HOMILIAS SOBRE EL EVANGELIO DE SAN JUAN/1 (BP. 15),España,Patrística — Padres de la Iglesia,51900,,,
CN-0131,9788497154185,HOMILIAS SOBRE EL EXODO (BP. 17),España,Patrística — Padres de la Iglesia,41500,,,
CN-0149,9788497152976,ISAIAS 40-66 (AT. 13),España,Patrística — Padres de la Iglesia,70900,,,
CN-0161,9788486987565,LA GRAN CATEQUESIS (BP. 9),España,Patrística — Padres de la Iglesia,31200,,,
CN-0162,9788497155632,LA HUMANIDAD DE CRISTO EN AMBROSIO DE MILAN (EP. 5),España,Patrística — Padres de la Iglesia,57100,,,España o Argentina
CN-0172,9788489651135,LA TRINIDAD (FP. 8),España,Patrística — Padres de la Iglesia,53600,,,
CN-0181,9788497156042,LAS SIETE ARMAS ESPIRITUALES (BM. 1),España,Patrística — Padres de la Iglesia,65700,,,
CN-0183,9788497155922,LIBRO DE LOS DOGMAS ECLESIASTICOS (FP. 40),España,Patrística — Padres de la Iglesia,45000,,,España o Argentina
CN-0185,9788497150590,LIBROS MORALES/2 (BP. 62),España,Patrística — Padres de la Iglesia,55300,,,
CN-0187,9788486987923,LOS CINCO DISCURSOS TEOLOGICOS (BP. 30),España,Patrística — Padres de la Iglesia,41500,,,
CN-0189,9788497154000,LOS DIEZ DISCURSOS SOBRE LA PROVIDENCIA (BP. 108),España,Patrística — Padres de la Iglesia,43200,,,España o Argentina
CN-0206,9788489651395,POR QUE CRISTO ES UNO? (BP. 14),España,Patrística — Padres de la Iglesia,27700,,,
CN-0209,9788497151351,"PROVERBIOS, ECLESIASTES, CANTAR DE LOS C. (AT. 10)",España,Patrística — Padres de la Iglesia,74300,,,
CN-0217,9788497153584,SAN JUSTINO. Intelectual cristiano en Roma,España,Patrística — Padres de la Iglesia,55300,,,
CN-0226,9788486987404,SOBRE LA VOCACION CRISTIANA (BP. 18),España,Patrística — Padres de la Iglesia,27700,,,
CN-0227,9788489651531,SOBRE LAS VIRGENES Y LAS VIUDAS (FP. 12),España,Patrística — Padres de la Iglesia,55300,,,
CN-0228,9788497154932,SOBRE LOS HOMBRES ILUSTRES (FP. 34),España,Patrística — Padres de la Iglesia,41500,,,España o Argentina
CN-0230,9788497154277,SOBRE LOS SINODOS (FP. 33),España,Patrística — Padres de la Iglesia,57000,,,
CN-0231,9788489651067,STROMATA I (FP. 7),España,Patrística — Padres de la Iglesia,70900,,,España o Argentina
CN-0232,9788489651388,STROMATA II Y III (FP. 10),España,Patrística — Padres de la Iglesia,79500,,,
CN-0239,9788486987459,TRATADO DE LOS MISTERIOS (BP. 20),España,Patrística — Padres de la Iglesia,20800,,,
CN-0242,9788497154475,TRATADO SOBRE LOS SALMOS (118) (BP. 113),España,Patrística — Padres de la Iglesia,38000,,,
CN-0245,9788489651234,TRATADOS ESPIRITUALES (BP. 37),España,Patrística — Padres de la Iglesia,36300,,,
CN-0249,9788489651159,VIDA DE MARIA (BP. 8),España,Patrística — Padres de la Iglesia,29400,,,España o Argentina
CN-0252,9788497151108,15 DIAS CON AGUSTIN DE HIPONA,España,Espiritualidad y oración,12000,,,España o Argentina
CN-0257,9788497151740,15 DIAS CON CHIARA LUBICH,España,Espiritualidad y oración,12000,,,
CN-0262,9788497150507,15 DIAS CON DON MANUEL GONZALEZ,España,Espiritualidad y oración,12000,,,
CN-0264,9788497154437,15 DIAS CON EL CARDENAL NEWMAN,España,Espiritualidad y oración,12000,,,España o Argentina
CN-0268,9788497151672,15 DIAS CON GEMA GALGANI,España,Espiritualidad y oración,12000,,,
CN-0270,9788497151016,15 DIAS CON ISABEL DE LA TRINIDAD,España,Espiritualidad y oración,12000,,,España o Argentina
CN-0274,9788497150699,15 DIAS CON JUAN XXIII,España,Espiritualidad y oración,12000,,,
CN-0275,9789505863105,15 DIAS CON JUANA DE LESTONNAC,Argentina,Espiritualidad y oración,12000,,,
CN-0282,9788497151399,15 DIAS CON PADRE CLARET,España,Espiritualidad y oración,12000,,,España o Argentina
CN-0290,9788497150224,15 DÍAS CON JOSEMARIA ESCRIVA,España,Espiritualidad y oración,12000,,,
CN-0291,9788497151757,15 DÍAS CON TERESA DE JESUS,España,Espiritualidad y oración,12000,,,España o Argentina
CN-0299,7794079414389,ANGELES 2026. Calendario de escritorio,España,Calendarios y papelería,2000,Estacional,,
CN-0304,9789505863808,APRENDER Y VIVIR LA FRATERNIDAD,Argentina,"Sociedad, política y fraternidad",11500,,,
CN-0306,9788497154291,AQUI ESTA EL DEDO DE DIOS,España,Espiritualidad y vida cristiana,39800,,,España o Argentina
CN-0316,9789505864256,CARISMA Y PROFECIA,Argentina,Espiritualidad de la unidad (Chiara Lubich / Focolares),12600,,,
CN-0317,9789876673228,"CARLO ACUTIS. ""D"" Revolution",Argentina,"Biografías, santos y testimonios",21500,Coyuntural,,
CN-0318,9789505864089,CARLO ACUTIS. De la A a la Z,Argentina,"Biografías, santos y testimonios",10800,Coyuntural,,
CN-0319,'9789505863983',CARLO ACUTIS. El apostol de los milenials,Argentina,"Biografías, santos y testimonios",17800,Coyuntural,,
CN-0320,9789876163224,CARLO ACUTIS. En jeans y zapatillas,Argentina,"Biografías, santos y testimonios",8300,Coyuntural,,
CN-0321,9789505864119,CARLO ACUTIS. Genio de la informática,Argentina,"Biografías, santos y testimonios",29900,Coyuntural,,
CN-0322,9789505862054,CARTA A UN AMIGO QUE NO CREE,Argentina,Espiritualidad y vida cristiana,12900,,,
CN-0323,9788497150620,CASADOS Y FELICES,España,"Familia, pareja y educación de los hijos",24200,,,
CN-0325,9788497154918,CHIARA LUBICH. El camino de la unidad,España,Espiritualidad de la unidad (Chiara Lubich / Focolares),34600,,,
CN-0333,9788497150668,CONSTRUIR EL CASTILLO EXTERIOR,España,Espiritualidad de la unidad (Chiara Lubich / Focolares),13900,,,España o Argentina
CN-0340,9789505862641,DALE QUE PODEMOS !!,Argentina,Espiritualidad y vida cristiana,8300,,,
CN-0345,9789505861149,DESARROLLO DE LA INTELIGENCIA EMOCIONAL …,Argentina,Educación y prosocialidad,16300,,,
CN-0356,9788497154253,DIOS CREE EN TI,España,Teología y filosofía,31100,,,
CN-0359,9789505861965,DIOS NOS LLAMA,Argentina,Espiritualidad de la unidad (Chiara Lubich / Focolares),8800,,,
CN-0365,9788497155137,DIÁLOGOS DE LA NOCHE Y DE LA AURORA,España,Economía de Comunión y humanismo económico,26000,,,
CN-0370,9789505863112,ECONOMIA DEL DON,Argentina,Economía de Comunión y humanismo económico,22900,,,
CN-0373,9789505864348,EL ALIENTO DEL ALMA,Argentina,Espiritualidad y vida cristiana,21300,,,
CN-0376,9788497152877,EL AMOR RECIPROCO (Chiara Lubich),España,Espiritualidad de la unidad (Chiara Lubich / Focolares),19000,,,
CN-0385,9789505863938,EL CAPITAL NARRATIVO,Argentina,Economía de Comunión y humanismo económico,10400,,,
CN-0397,9788497155175,EL EVANGELIO FERIAL… Tiempo ordinario/1,España,Espiritualidad y oración,57100,,,
CN-0402,9788497153638,EL EVANGELIO LEIDO… Estuche trilogia,España,Espiritualidad y oración,134800,,,España o Argentina
CN-0406,9789505862160,EL ISLAM del que no se habla,Argentina,Ecumenismo y diálogo interreligioso,28500,,,
CN-0408,9789505861699,EL JUDAISMO,Argentina,Ecumenismo y diálogo interreligioso,16300,,,
CN-0410,9788489651784,EL LIBRO DE DANIEL (1-6),España,Biblia y estudios bíblicos,12100,,,
CN-0415,9788425419270,EL LIBRO DE JEREMIAS,España,Biblia y estudios bíblicos,12100,,,
CN-0421,9788497152686,EL MATRIMONIO,España,"Familia, pareja y educación de los hijos",19100,,,
CN-0429,9789505863037,EL PLACER DE ELEGIR,Argentina,Espiritualidad y vida cristiana,12400,,,
CN-0434,9788497150255,EL PRINCIPIO MARIANO,España,Espiritualidad y oración,26000,,,
CN-0436,9789505861811,EL RIESGO EDUCATIVO,Argentina,Educación y prosocialidad,7100,,,
CN-0450,9788489651258,ENCRUCIJADAS DE LA FE,España,Espiritualidad y vida cristiana,15600,,,España o Argentina
CN-0454,9789505862290,ENSEÑANZA SOCIAL DE LA IGLESIA III,Argentina,Doctrina social de la Iglesia,8500,,,
CN-0456,9789505862351,ERAN TIEMPOS DE GUERRA,Argentina,Espiritualidad de la unidad (Chiara Lubich / Focolares),16300,,,
CN-0468,9788497152501,FAMILIAS VIVAS,España,"Familia, pareja y educación de los hijos",20800,,,España o Argentina
CN-0470,9788497152952,FRANCISCO EL LOCO DE ASIS,España,Espiritualidad y vida cristiana,41500,,,
CN-0473,9789505862818,FRATERNIDAD Y CONFLICTO,Argentina,"Sociedad, política y fraternidad",19000,,,
CN-0477,9789505863495,GOZOS Y ESPERANZAS... tomo 1,Argentina,Doctrina social de la Iglesia,14500,,,
CN-0481,9788497152044,HACERSE A LA MAR,España,"Biografías, santos y testimonios",19000,,,
CN-0482,9789505861859,HACIA UNA PEDAGOGIA DE LA RECIPROCIDAD,Argentina,Educación y prosocialidad,10600,,,
CN-0487,9789505863440,INTRODUCCION A LA BIBLIA,Argentina,Biblia y estudios bíblicos,10600,,,
CN-0492,9789505861781,JUAN PABLO II. Un papa para todos,Argentina,"Biografías, santos y testimonios",4600,,,
CN-0500,9789505864355,LA COMUNIDAD FRAGIL,Argentina,Economía de Comunión y humanismo económico,15900,,,
CN-0522,9789505863761,LA IGLESIA (Chiara Lubich),Argentina,Espiritualidad de la unidad (Chiara Lubich / Focolares),20800,,,
CN-0523,9788497151214,"LA IGLESIA, ISRAEL Y LAS DEMAS RELIGIONES",España,Magisterio de la Iglesia y Papas,19000,,,
CN-0524,9788497155694,LA INCREÍBLE HISTORIA DEL PAPA LUNA,España,"Biografías, santos y testimonios",39800,,,
CN-0525,9789505861712,LA INUTILIDAD DE LA GUERRA,Argentina,Espiritualidad de la unidad (Chiara Lubich / Focolares),7500,,,
CN-0526,9789505864324,LA LETRA CHICA DE LA LIBERTAD,Argentina,Espiritualidad y vida cristiana,18000,,,
CN-0530,9788497150569,LA MAS BELLA,España,Espiritualidad de la unidad (Chiara Lubich / Focolares),27700,,,
CN-0535,9789505862993,LA PARTITURA ESCRITA EN EL CIELO,Argentina,Espiritualidad de la unidad (Chiara Lubich / Focolares),9700,,,
CN-0565,9788497155007,LOS APÓSTOLES,España,Magisterio de la Iglesia y Papas,24100,,,
CN-0566,9788497153454,LOS BORGIA. La leyenda negra,España,"Biografías, santos y testimonios",29400,,,
CN-0574,9788497151474,LOS PADRES DE LA IGLESIA,España,Magisterio de la Iglesia y Papas,32900,,,
CN-0576,9788497153058,LOS SACRAMENTOS Y LOS DONES DEL ESPÍRITU,España,Magisterio de la Iglesia y Papas,22500,,,España o Argentina
CN-0577,9788497156240,LOS VICIOS Y LAS VIRTUDES,España,Magisterio de la Iglesia y Papas,29400,,,
CN-0585,9789505861750,"MADRE TERESA, UNA SANTIDAD COTIDIANA",Argentina,"Biografías, santos y testimonios",4600,,,
CN-0592,7794079414372,MARIA 2026. Calendario de escritorio,España,Calendarios y papelería,2000,Estacional,,
CN-0595,9789505861729,"MARIA, TRANSPARENCIA DE DIOS",Argentina,Espiritualidad de la unidad (Chiara Lubich / Focolares),9700,,,
CN-0597,9788497150484,MARTINI. Mis tres ciudades,España,"Biografías, santos y testimonios",17300,,,España o Argentina
CN-0607,9789505833795,MIRIAM Y EMMANUEL,Argentina,Espiritualidad y vida cristiana,12900,,,
CN-0612,9789505860913,NAVIDAD PARA TODOS,Argentina,Espiritualidad de la unidad (Chiara Lubich / Focolares),4600,,,
CN-0614,9789505863648,NOSOTROS CREEMOS EN EL AMOR,Argentina,Espiritualidad de la unidad (Chiara Lubich / Focolares),9700,,,
CN-0615,9788497152457,NUEVOS HORIZONTES,España,Espiritualidad y vida cristiana,20800,,,España o Argentina
CN-0621,9788497154567,PALABRAS DE VIDA/1,España,Espiritualidad de la unidad (Chiara Lubich / Focolares),53600,,,España o Argentina
CN-0625,9789505864300,PARA SIEMPRE O HASTA QUE DURE. 2a edicion,Argentina,"Familia, pareja y educación de los hijos",20900,,,
CN-0632,9789505862269,POR ESTE CAMINO. Descubrir y elegir una vocacion,Argentina,Espiritualidad y vida cristiana,6500,,,
CN-0634,9789505863013,POR UNA ECONOMIA DEL BIEN COMUN,Argentina,Economía de Comunión y humanismo económico,21300,,,
CN-0641,9788489651661,QUE ES UN SANTO?,España,"Biografías, santos y testimonios",10400,,,
CN-0648,7794079414365,RAÍCES DEL SUR 2026. Calendario de escritorio,España,Calendarios y papelería,2000,Estacional,,España o Argentina
CN-0654,9789505863464,SABROSAMENTE,Argentina,Espiritualidad y vida cristiana,12400,,,
CN-0655,9788497153249,SALVAR AL PUEBLO,España,Espiritualidad y vida cristiana,13900,,,
CN-0665,9788486987725,SANTIFICARSE JUNTOS,España,Espiritualidad de la unidad (Chiara Lubich / Focolares),13900,,,
CN-0666,9788497152211,SECRETOS DE UN ARZOBISPO,España,"Biografías, santos y testimonios",26000,,,España o Argentina
CN-0672,9789505862276,SER TU PALABRA,Argentina,Espiritualidad de la unidad (Chiara Lubich / Focolares),10300,,,
CN-0675,9788497153669,SI EL QUE SUFRE ES EL HIJO DEL HOMBRE,España,"Familia, pareja y educación de los hijos",26000,,,España o Argentina
CN-0681,9789505863617,TESTIGOS DE ESPERANZA,Argentina,"Biografías, santos y testimonios",21500,,,
CN-0682,9788497153799,TODOS UNO (Escritos espirituales 3),España,Espiritualidad de la unidad (Chiara Lubich / Focolares),22500,,,
CN-0690,9789505864096,UN CAMINO NUEVO,Argentina,Espiritualidad de la unidad (Chiara Lubich / Focolares),18200,,,
CN-0694,9788497154611,UN PUEBLO DE SANTOS,España,Espiritualidad de la unidad (Chiara Lubich / Focolares),13900,,,
CN-0695,9788497150996,UN PUEBLO NACIDO DEL EVANGELIO,España,Espiritualidad y vida cristiana,26000,,,
CN-0696,9789505862238,UNA COMUNICACION AL SERVICIO DEL HOMBRE,Argentina,"Sociedad, política y fraternidad",22500,,,
CN-0698,9788497150385,UNA ESTRELLA ENCENDIDA EN LA NOCHE,España,Espiritualidad de la unidad (Chiara Lubich / Focolares),6200,,,
CN-0700,9789505863570,UNO EN CRISTO JESUS,Argentina,Teología y filosofía,26000,,,
CN-0702,9788497150859,VAN THUAN LIBRE ENTRE REJAS,España,"Biografías, santos y testimonios",26200,,,España o Argentina
CN-0704,9788497154048,VICTORIO,España,Espiritualidad de la unidad (Chiara Lubich / Focolares),9700,,,
CN-0710,9788485159932,Y VUELVE LA NAVIDAD,España,Espiritualidad de la unidad (Chiara Lubich / Focolares),13900,,,
CN-0714,9788497156813,LAS DEMOSTRACIONES,España,Patrística — Padres de la Iglesia,89900,,,España o Argentina
CN-0715,9788497156998,"PATRÍSTICA SOCIAL. Voces, textos, recepción…",España,Patrística — Padres de la Iglesia,69900,,,
CN-0720,9788497156875,LA CULTURA DEL DON EN LA EMPRESA,España,Economía de Comunión y humanismo económico,34900,,,España o Argentina
CN-0721,9788497154727,LA SINODALIDAD EN LA VIDA Y LA MISIÓN DE LA IGLESIA,España,Teología y filosofía,26800,,,
