fecha,documento,id,cantidad,descuento,canal,estado,notas,descontado
2026-07-01,B-1436,CN-0232 · STROMATA II Y III (FP. 10),2,,Web / WhatsApp,Vendido,,Histórico (no descuenta)
2026-07-01,B-1530,CN-0270 · 15 DIAS CON ISABEL DE LA TRINIDAD,3,,Web / WhatsApp,Vendido,,Histórico (no descuenta)
2026-07-03,B-1435,CN-0232 · STROMATA II Y III (FP. 10),3,,Evento o feria,Vendido,,Histórico (no descuenta)
2026-07-04,B-2682,"CN-0715 · PATRÍSTICA SOCIAL. Voces, textos, recepción…",2,30,Parroquia o institución,Vendido,,Histórico (no descuenta)
2026-07-05,B-1967,CN-0321 · CARLO ACUTIS. Genio de la informática,1,15,Evento o feria,Vendido,,Histórico (no descuenta)
2026-07-06,B-1531,CN-0270 · 15 DIAS CON ISABEL DE LA TRINIDAD,1,,Web / WhatsApp,Vendido,,Histórico (no descuenta)
2026-07-07,B-1030,CN-0005 · A LOS JOVENES EXHORTACION A UN HIJO... (BP. 83),1,,Evento o feria,Vendido,,Histórico (no descuenta)
2026-07-07,,CN-0035 · COMENTARIO AL EVANGELIO DE MATEO (BP. 58),1,,Local,No había stock,,Histórico (no descuenta)
2026-07-07,B-1216,CN-0113 · HISTORIA DE LA LITERATURA CRISTIANA EN LA ANTIGÜEDAD (EP. 6),2,15,Web / WhatsApp,Vendido,,Histórico (no descuenta)
2026-07-07,B-1316,CN-0189 · LOS DIEZ DISCURSOS SOBRE LA PROVIDENCIA (BP. 108),1,,Web / WhatsApp,Vendido,,Histórico (no descuenta)
2026-07-09,B-1434,CN-0232 · STROMATA II Y III (FP. 10),2,,Local,Vendido,,Histórico (no descuenta)
2026-07-09,B-2418,CN-0654 · SABROSAMENTE,2,,Parroquia o institución,Vendido,,Histórico (no descuenta)
2026-07-10,B-1195,CN-0096 · EXPLICACIÓN A DOCE SALMOS (BP. 118),1,,Librería,Vendido,,Histórico (no descuenta)
2026-07-10,B-1529,CN-0270 · 15 DIAS CON ISABEL DE LA TRINIDAD,3,20,Librería,Vendido,,Histórico (no descuenta)
2026-07-11,B-2205,CN-0530 · LA MAS BELLA,1,,Web / WhatsApp,Vendido,,Histórico (no descuenta)
2026-07-13,B-2122,CN-0429 · EL PLACER DE ELEGIR,1,,Evento o feria,Vendido,,Histórico (no descuenta)
2026-07-14,B-2109,CN-0415 · EL LIBRO DE JEREMIAS,1,,Librería,Vendido,,Histórico (no descuenta)
2026-07-14,,CN-0577 · LOS VICIOS Y LAS VIRTUDES,1,,Evento o feria,No había stock,,Histórico (no descuenta)
2026-07-18,,CN-0291 · 15 DÍAS CON TERESA DE JESUS,1,,Web / WhatsApp,No había stock,,Histórico (no descuenta)
2026-07-22,B-1465,CN-0249 · VIDA DE MARIA (BP. 8),2,,Local,Vendido,,Histórico (no descuenta)
2026-07-24,B-1145,CN-0052 · CUESTIONES (BP. 133),1,,Web / WhatsApp,Vendido,,Histórico (no descuenta)
2026-07-25,,CN-0079 · EL PEDAGOGO (FP. 5),1,,Parroquia o institución,No había stock,,Histórico (no descuenta)
2026-07-25,B-2588,CN-0700 · UNO EN CRISTO JESUS,2,15,Local,Vendido,,Histórico (no descuenta)
2026-07-26,,CN-0032 · COMENTARIO AL EVANGELIO DE JUAN 1 (BP. 115),1,,Web / WhatsApp,No había stock,,Histórico (no descuenta)
2026-07-26,,CN-0103 · FUGA Y AUTOBIOGRAFIA (BP. 35),1,,Local,No había stock,,Histórico (no descuenta)
2026-07-26,B-1532,CN-0270 · 15 DIAS CON ISABEL DE LA TRINIDAD,2,,Librería,Vendido,,Histórico (no descuenta)
2026-07-27,B-1171,CN-0074 · EL MAS ALLA EN LOS PADRES DE LA IGLESIA (TP. 6),1,10,Evento o feria,Vendido,,Histórico (no descuenta)
2026-07-28,B-1382,CN-0231 · STROMATA I (FP. 7),1,,Web / WhatsApp,Vendido,,Histórico (no descuenta)
2026-08-02,,CN-0634 · POR UNA ECONOMIA DEL BIEN COMUN,1,,Evento o feria,No había stock,,Histórico (no descuenta)
2026-08-02,B-2447,CN-0672 · SER TU PALABRA,1,,Evento o feria,Vendido,,Histórico (no descuenta)
2026-08-04,B-1236,CN-0118 · HOMILIAS A LOS HECHOS DE LOS APOSTOLES/1 (BP. 80),1,,Web / WhatsApp,Vendido,,Histórico (no descuenta)
2026-08-08,,CN-0574 · LOS PADRES DE LA IGLESIA,1,,Local,No había stock,,Histórico (no descuenta)
2026-08-09,,CN-0119 · HOMILIAS A LOS HECHOS DE LOS APOSTOLES/2 (BP. 81),1,,Web / WhatsApp,No había stock,,Histórico (no descuenta)
2026-08-09,B-2218,CN-0574 · LOS PADRES DE LA IGLESIA,3,,Evento o feria,Vendido,,Histórico (no descuenta)
2026-08-10,B-1286,CN-0128 · HOMILIAS SOBRE EL EVANGELIO DE SAN JUAN/1 (BP. 15),1,,Web / WhatsApp,Vendido,,Histórico (no descuenta)
2026-08-10,B-2534,CN-0694 · UN PUEBLO DE SANTOS,2,,Web / WhatsApp,Vendido,,Histórico (no descuenta)
2026-08-11,B-1074,CN-0034 · COMENTARIO AL EVANGELIO DE MATEO (BP. 45),2,,Local,Vendido,,Histórico (no descuenta)
2026-08-11,B-2053,CN-0370 · ECONOMIA DEL DON,1,15,Parroquia o institución,Vendido,,Histórico (no descuenta)
2026-08-12,B-1274,CN-0121 · HOMILIAS ESCOGIDAS (BP. 44),2,20,Librería,Vendido,,Histórico (no descuenta)
2026-08-12,B-2335,CN-0621 · PALABRAS DE VIDA/1,1,30,Web / WhatsApp,Vendido,,Histórico (no descuenta)
2026-08-13,B-1147,CN-0052 · CUESTIONES (BP. 133),1,,Web / WhatsApp,Vendido,,Histórico (no descuenta)
2026-08-14,,CN-0530 · LA MAS BELLA,1,,Web / WhatsApp,No había stock,,Histórico (no descuenta)
2026-08-15,B-1458,CN-0239 · TRATADO DE LOS MISTERIOS (BP. 20),1,30,Local,Vendido,,Histórico (no descuenta)
2026-08-20,B-1438,CN-0232 · STROMATA II Y III (FP. 10),4,10,Librería,Vendido,,Histórico (no descuenta)
2026-08-20,B-1439,CN-0232 · STROMATA II Y III (FP. 10),1,,Local,Vendido,,Histórico (no descuenta)
2026-08-25,B-1535,CN-0270 · 15 DIAS CON ISABEL DE LA TRINIDAD,2,,Local,Vendido,,Histórico (no descuenta)
2026-08-25,B-2606,CN-0702 · VAN THUAN LIBRE ENTRE REJAS,1,30,Local,Vendido,,Histórico (no descuenta)
2026-08-26,,CN-0232 · STROMATA II Y III (FP. 10),2,,Evento o feria,No había stock,,Histórico (no descuenta)
2026-08-26,,CN-0270 · 15 DIAS CON ISABEL DE LA TRINIDAD,1,,Web / WhatsApp,No había stock,,Histórico (no descuenta)
2026-08-26,,CN-0291 · 15 DÍAS CON TERESA DE JESUS,1,,Local,No había stock,,Histórico (no descuenta)
2026-09-02,B-1031,CN-0005 · A LOS JOVENES EXHORTACION A UN HIJO... (BP. 83),2,,Evento o feria,Vendido,,Histórico (no descuenta)
2026-09-02,,CN-0232 · STROMATA II Y III (FP. 10),3,,Web / WhatsApp,No había stock,,Histórico (no descuenta)
2026-09-03,B-1358,CN-0228 · SOBRE LOS HOMBRES ILUSTRES (FP. 34),1,,Local,Vendido,,Histórico (no descuenta)
2026-09-03,B-1982,CN-0322 · CARTA A UN AMIGO QUE NO CREE,2,,Librería,Vendido,,Histórico (no descuenta)
2026-09-03,B-2427,CN-0655 · SALVAR AL PUEBLO,1,,Local,Vendido,,Histórico (no descuenta)
2026-09-03,B-2449,CN-0672 · SER TU PALABRA,1,20,Web / WhatsApp,Vendido,,Histórico (no descuenta)
2026-09-06,B-2328,CN-0597 · MARTINI. Mis tres ciudades,2,,Librería,Vendido,,Histórico (no descuenta)
2026-09-07,,CN-0231 · STROMATA I (FP. 7),1,,Web / WhatsApp,No había stock,,Histórico (no descuenta)
2026-09-07,,CN-0270 · 15 DIAS CON ISABEL DE LA TRINIDAD,6,,Local,No había stock,,Histórico (no descuenta)
2026-09-09,B-2055,CN-0370 · ECONOMIA DEL DON,1,,Local,Vendido,,Histórico (no descuenta)
2026-09-09,B-2327,CN-0597 · MARTINI. Mis tres ciudades,3,,Parroquia o institución,Vendido,,Histórico (no descuenta)
2026-09-10,B-1250,CN-0120 · HOMILIAS CRISTOLOGICAS Y MARIANAS (BP. 33),2,,Evento o feria,Vendido,,Histórico (no descuenta)
2026-09-13,B-1326,CN-0226 · SOBRE LA VOCACION CRISTIANA (BP. 18),1,,Evento o feria,Vendido,,Histórico (no descuenta)
2026-09-14,,CN-0206 · POR QUE CRISTO ES UNO? (BP. 14),1,,Web / WhatsApp,No había stock,,Histórico (no descuenta)
2026-09-18,B-1293,CN-0162 · LA HUMANIDAD DE CRISTO EN AMBROSIO DE MILAN (EP. 5),1,15,Web / WhatsApp,Vendido,,Histórico (no descuenta)
2026-09-19,B-2686,"CN-0715 · PATRÍSTICA SOCIAL. Voces, textos, recepción…",2,,Web / WhatsApp,Vendido,,Histórico (no descuenta)
2026-09-20,B-1337,CN-0227 · SOBRE LAS VIRGENES Y LAS VIUDAS (FP. 12),1,,Local,Vendido,,Histórico (no descuenta)
2026-09-20,B-1986,CN-0325 · CHIARA LUBICH. El camino de la unidad,1,,Evento o feria,Vendido,,Histórico (no descuenta)
2026-09-20,,CN-0530 · LA MAS BELLA,5,,Evento o feria,No había stock,,Histórico (no descuenta)
2026-09-24,B-2093,CN-0408 · EL JUDAISMO,1,,Evento o feria,Vendido,,Histórico (no descuenta)
2026-09-25,B-2703,CN-0721 · LA SINODALIDAD EN LA VIDA Y LA MISIÓN DE LA IGLESIA,2,,Evento o feria,Vendido,,Histórico (no descuenta)
2026-09-26,,CN-0574 · LOS PADRES DE LA IGLESIA,2,,Evento o feria,No había stock,,Histórico (no descuenta)
2026-09-28,B-1882,CN-0320 · CARLO ACUTIS. En jeans y zapatillas,1,,Librería,Vendido,,Histórico (no descuenta)
